Date,AAPL,AMZN,FB,GOOG,MSFT
2017/11/3,172.5,1111.599976,178.919998,1032.47998,84.139999
2017/11/2,168.110001,1094.219971,178.919998,1025.579956,84.050003
2017/11/1,166.889999,1103.680054,182.660004,1025.5,83.18
2017/10/31,169.039993,1105.280029,180.059998,1016.640015,83.18
2017/10/30,166.720001,1110.849976,179.869995,1017.109985,83.889999
2017/10/27,163.050003,1100.949951,177.880005,1019.27002,83.809998
2017/10/26,157.410004,972.429993,170.630005,972.559998,78.760002
2017/10/25,156.410004,972.909973,170.600006,973.330017,78.629997
2017/10/24,157.100006,975.900024,171.800003,970.539978,78.860001
2017/10/23,156.169998,966.299988,171.270004,968.450012,78.830002
2017/10/20,156.25,982.909973,174.979996,988.200012,78.809998
2017/10/19,155.979996,986.609985,174.559998,984.450012,77.910004
2017/10/18,159.759995,997,176.029999,992.809998,77.610001
2017/10/17,160.470001,1009.130005,176.110001,992.179993,77.589996
2017/10/16,159.880005,1006.340027,174.520004,992,77.650002
2017/10/13,156.990005,1002.940002,173.740005,989.679993,77.489998
2017/10/12,156,1000.929993,172.550003,987.830017,77.120003
2017/10/11,156.550003,995,172.740005,989.25,76.419998
2017/10/10,155.899994,987.200012,171.589996,972.599976,76.290001
2017/10/9,155.839996,990.98999,172.5,977,76.290001
2017/10/6,155.300003,989.580017,172.229996,978.890015,76
2017/10/5,155.389999,980.849976,171.240005,969.960022,75.970001
2017/10/4,153.479996,965.450012,168.419998,951.679993,74.690002
2017/10/3,154.479996,957.099976,169.960007,957.789978,74.260002
2017/10/2,153.809998,959.190002,169.470001,953.27002,74.610001
2017/9/29,154.119995,961.349976,170.869995,959.109985,74.489998
2017/9/28,153.279999,956.400024,168.729996,949.5,73.870003
2017/9/27,154.229996,950.869995,167.679993,944.48999,73.849998
2017/9/26,153.139999,938.599976,164.210007,924.859985,73.260002
2017/9/25,150.550003,939.789978,162.869995,920.969971,73.260002
2017/9/22,151.889999,955.099976,170.539993,928.530029,74.410004
2017/9/21,153.389999,964.650024,171.110001,932.450012,74.209999
2017/9/20,156.070007,973.210022,172.169998,931.580017,74.940002
2017/9/19,158.729996,969.859985,172.520004,921.809998,75.440002
2017/9/18,158.669998,974.190002,170.009995,915,75.160004
2017/9/15,159.880005,986.789978,171.639999,920.289978,75.309998
2017/9/14,158.279999,992.210022,170.960007,925.109985,74.769997
2017/9/13,159.649994,999.599976,173.050003,935.090027,75.209999
2017/9/12,160.860001,982.580017,172.960007,932.070007,74.68
2017/9/11,161.5,977.960022,173.509995,929.080017,74.760002
2017/9/8,158.630005,965.900024,170.949997,926.5,73.980003
2017/9/7,161.259995,979.469971,173.210007,935.950012,74.339996
2017/9/6,161.910004,967.799988,172.089996,927.809998,73.400002
2017/9/5,162.080002,965.27002,170.720001,928.450012,73.610001
2017/9/1,164.050003,978.25,172.020004,937.340027,73.940002
2017/8/31,164,980.599976,171.970001,939.330017,74.769997
2017/8/30,163.350006,967.590027,169.919998,929.570007,74.010002
2017/8/29,162.910004,954.059998,168.050003,921.289978,73.050003
2017/8/28,161.470001,946.02002,167.240005,913.809998,72.830002
2017/8/25,159.860001,945.26001,166.320007,915.890015,72.82
2017/8/24,159.270004,952.450012,167.740005,921.280029,72.690002
2017/8/23,159.979996,958,168.710007,927,72.720001
2017/8/22,159.779999,966.900024,169.639999,924.690002,73.160004
2017/8/21,157.210007,953.289978,167.779999,906.659973,72.150002
2017/8/18,157.5,958.469971,167.410004,910.669983,72.489998
2017/8/17,157.860001,960.570007,166.910004,910.97998,72.400002
2017/8/16,160.949997,978.179993,170,926.960022,73.650002
2017/8/15,161.600006,982.73999,171,922.219971,73.220001
2017/8/14,159.850006,983.299988,170.75,922.669983,73.199997
2017/8/11,157.479996,967.98999,168.080002,914.390015,72.115776
2017/8/10,155.320007,956.919983,167.399994,907.23999,71.031555
2017/8/9,160.429993,982.01001,171.179993,922.900024,72.085938
2017/8/8,159.453827,989.840027,171.229996,926.789978,72.404243
2017/8/7,158.188797,992.27002,171.979996,929.359985,72.016312
2017/8/4,155.778259,987.580017,169.619995,927.960022,72.294823
2017/8/3,154.961472,986.919983,168.589996,923.650024,71.767632
2017/8/2,156.52533,995.890015,169.300003,930.390015,71.877052
2017/8/1,149.463058,996.190002,169.860001,930.830017,72.195358
2017/7/31,148.148224,987.780029,169.25,930.5,72.314713
2017/7/28,148.915207,1020.039978,172.449997,941.530029,72.652916
2017/7/27,149.971069,1046,170.440002,934.090027,72.772285
2017/7/26,152.859726,1052.800049,165.610001,947.799988,73.657562
2017/7/25,152.142548,1039.869995,165.279999,950.700012,73.796822
2017/7/24,151.495071,1038.949951,166,980.340027,73.209946
2017/7/21,149.682205,1025.670044,164.429993,972.919983,73.398941
2017/7/20,149.751923,1028.699951,164.529999,968.150024,73.82666
2017/7/19,150.429276,1026.869995,164.139999,970.890015,73.468567
2017/7/18,149.49295,1024.449951,162.860001,965.400024,72.911537
2017/7/17,148.974976,1010.039978,159.729996,953.419983,72.961273
2017/7/14,148.457001,1001.809998,159.970001,955.98999,72.394295
2017/7/13,147.191986,1000.630005,159.259995,947.159973,71.389641
2017/7/12,145.169922,1006.51001,158.899994,943.830017,70.772934
2017/7/11,144.960739,994.130005,155.270004,930.090027,69.61908
2017/7/10,144.492584,996.469971,153.5,928.799988,69.609138
2017/7/7,143.616013,978.76001,151.440002,918.590027,69.091888
2017/7/6,142.171692,965.140015,148.820007,906.690002,68.206604
2017/7/5,143.526367,971.400024,150.339996,911.710022,68.713905
2017/7/3,142.93869,953.659973,148.429993,898.700012,67.808723
2017/6/30,143.45665,968,150.979996,908.72998,68.564697
2017/6/29,143.117966,975.929993,151.039993,917.789978,68.127029
2017/6/28,145.259567,990.330017,153.240005,940.48999,69.430092
2017/6/27,143.167786,976.780029,150.580002,927.330017,68.843208
2017/6/26,145.249619,993.97998,153.589996,952.27002,70.156219
2017/6/23,145.707809,1003.73999,155.070007,965.590027,70.832611
2017/6/22,145.060364,1001.299988,153.399994,957.090027,69.88765
2017/6/21,145.299408,1002.22998,153.910004,959.450012,69.897591
2017/6/20,144.442764,992.590027,152.25,950.630005,69.539505
2017/6/19,145.767578,995.169983,152.869995,957.369995,70.494415
2017/6/16,141.713501,987.710022,150.639999,939.780029,69.629028
2017/6/15,143.725586,964.169983,149.800003,942.309998,69.529556
2017/6/14,144.592194,976.469971,150.25,950.76001,69.897591
2017/6/13,146.016586,980.789978,150.679993,953.400024,70.275581
2017/6/12,144.851166,964.909973,148.440002,942.900024,69.410194
2017/6/9,148.397247,978.309998,149.600006,949.830017,69.947327
2017/6/8,154.383743,1010.27002,154.710007,983.409973,71.568687
2017/6/7,154.762253,1010.070007,153.119995,980.940002,72.006363
2017/6/6,153.845856,1003,152.809998,976.570007,72.135666
2017/6/5,153.327881,1011.340027,153.630005,983.679993,71.896942
2017/6/2,154.841934,1006.72998,153.610001,975.599976,71.3797
2017/6/1,152.580811,995.950012,151.529999,966.950012,69.728493
2017/5/31,152.16246,994.619995,151.460007,964.859985,69.469872
2017/5/30,153.068893,996.700012,152.380005,975.880005,70.036858
2017/5/26,153.00914,995.780029,152.130005,971.469971,69.589233
2017/5/25,153.268112,993.380005,151.960007,969.539978,69.251045
2017/5/24,152.740189,980.349976,150.039993,954.960022,68.40554
2017/5/23,153.198395,971.539978,148.070007,948.820007,68.316025
2017/5/22,153.38765,970.669983,148.240005,941.859985,68.087234
2017/5/19,152.461288,959.840027,148.059998,934.01001,67.331268
2017/5/18,151.943314,958.48999,147.660004,930.23999,67.351158
2017/5/17,149.662277,944.76001,144.850006,919.619995,67.122383
2017/5/16,154.861862,966.070007,149.779999,943,69.04216
2017/5/15,155.090958,957.969971,150.190002,937.080017,67.679413
2017/5/12,155.48941,961.349976,150.330002,932.219971,67.629959
2017/5/11,153.347809,947.619995,150.039993,930.599976,67.709076
2017/5/10,152.032974,948.950012,150.289993,928.780029,68.549751
2017/5/9,152.757141,952.820007,150.479996,932.169983,68.282722
2017/5/8,151.784973,949.039978,151.059998,934.299988,68.183823
2017/5/5,147.76741,934.150024,150.240005,927.130005,68.243156
2017/5/4,145.356857,937.530029,150.850006,931.659973,68.055244
2017/5/3,145.882614,941.030029,151.800003,927.039978,68.322281
2017/5/2,146.32901,946.940002,152.779999,916.440002,68.539871
2017/5/1,145.406448,948.22998,152.460007,912.570007,68.648666
2017/4/28,142.499893,924.98999,150.25,905.960022,67.709076
2017/4/27,142.638794,918.380005,147.699997,874.25,67.521164
2017/4/26,142.529663,909.289978,146.559998,871.72998,67.085999
2017/4/25,143.372864,907.619995,146.490005,872.299988,67.175003
2017/4/24,142.48999,907.409973,145.470001,862.76001,66.789284
2017/4/21,141.130966,898.530029,143.679993,843.190002,65.671677
2017/4/20,141.299591,902.059998,143.800003,841.650024,64.781548
2017/4/19,139.553696,899.200012,142.270004,838.210022,64.326599
2017/4/18,140.069519,903.780029,140.960007,836.820007,64.67276
2017/4/17,140.694489,901.98999,141.419998,837.169983,64.761772
2017/4/13,139.920731,884.669983,139.389999,823.559998,64.237579
2017/4/12,140.664734,896.22998,139.580002,824.320007,64.514511
2017/4/11,140.496094,902.359985,139.919998,823.349976,64.761772
2017/4/10,142.023758,907.039978,141.039993,824.72998,64.811218
2017/4/7,142.192398,894.880005,140.779999,824.669983,64.959579
2017/4/6,142.509842,898.280029,141.169998,827.880005,65.009033
2017/4/5,142.866959,909.280029,141.850006,831.409973,64.840889
2017/4/4,143.610962,906.830017,141.729996,834.570007,65.009033
2017/4/3,142.549515,891.51001,142.279999,838.549988,64.831001
2017/3/31,142.509842,886.539978,142.050003,829.559998,65.137604
2017/3/30,142.777664,876.340027,142.410004,831.5,64.98925
2017/3/29,142.966141,874.320007,142.649994,831.409973,64.751884
2017/3/28,142.648712,856,141.759995,820.919983,64.573853
2017/3/27,139.752106,846.820007,140.320007,819.51001,64.385933
2017/3/24,139.514008,845.609985,140.339996,814.429993,64.267258
2017/3/23,139.791763,847.380005,139.529999,817.580017,64.158463
2017/3/22,140.287766,848.059998,139.589996,829.590027,64.316704
2017/3/21,138.720413,843.200012,138.509995,830.460022,63.505699
2017/3/20,140.327454,856.969971,139.940002,848.400024,64.217804
2017/3/17,138.869217,852.309998,139.839996,852.119995,64.158463
2017/3/16,139.563614,853.419983,139.990005,848.780029,63.930984
2017/3/15,139.335464,852.969971,139.720001,847.200012,64.03978
2017/3/14,137.877228,852.530029,139.320007,845.619995,63.70351
2017/3/13,138.085541,854.590027,139.600006,845.539978,64.000214
2017/3/10,138.026016,852.460022,138.789993,843.25,64.217804
2017/3/9,137.569687,853,138.240005,838.679993,64.020004
2017/3/8,137.887146,850.5,137.720001,835.369995,64.277138
2017/3/7,138.402985,846.02002,137.300003,831.909973,63.693615
2017/3/6,138.224426,846.609985,137.419998,827.780029,63.565041
2017/3/3,138.660889,849.880005,137.169998,829.080017,63.545258
2017/3/2,137.847473,848.909973,136.759995,830.630005,63.307896
2017/3/1,138.670807,853.080017,137.419998,835.23999,64.227699
2017/2/28,135.89325,845.039978,135.539993,823.210022,63.278221
2017/2/27,135.83371,848.640015,136.410004,829.280029,63.525482
2017/2/24,135.565887,845.23999,135.440002,828.640015,63.911205
2017/2/23,135.43692,852.190002,135.360001,831.330017,63.911205
2017/2/22,136.012268,855.609985,136.119995,830.76001,63.654053
2017/2/21,135.60556,856.440002,133.720001,831.659973,63.782627
2017/2/17,134.633408,845.070007,133.529999,828.070007,63.911205
2017/2/16,134.266357,844.140015,133.839996,824.159973,63.812298
2017/2/15,134.425079,842.700012,133.440002,818.97998,63.822189
2017/2/14,133.939011,836.390015,133.850006,820.450012,63.861748
2017/2/13,132.222839,836.530029,134.050003,819.23999,63.624386
2017/2/10,131.062225,827.460022,134.190002,813.669983,62.916569
2017/2/9,131.359818,821.359985,134.139999,809.559998,62.975552
2017/2/8,130.417435,819.710022,134.199997,808.380005,62.267746
2017/2/7,129.913696,812.5,131.839996,806.969971,62.35622
2017/2/6,128.688934,807.640015,132.059998,801.340027,62.562668
2017/2/3,127.493805,810.200012,130.979996,801.48999,62.601986
2017/2/2,126.950554,839.950012,130.839996,798.530029,62.10062
2017/2/1,127.167854,832.349976,133.229996,795.695007,62.503681
2017/1/31,119.858795,823.47998,130.320007,796.789978,63.555569
2017/1/30,120.135345,830.380005,130.979996,802.320007,64.027435
2017/1/27,120.451416,835.77002,132.179993,823.309998,64.666435
2017/1/26,120.441551,839.150024,132.779999,832.150024,63.181995
2017/1/25,120.382278,836.52002,131.479996,835.669983,62.601986
2017/1/24,118.495758,822.440002,129.369995,823.869995,62.444698
2017/1/23,118.604401,817.880005,128.929993,819.309998,61.894176
2017/1/20,118.525383,808.330017,127.040001,805.02002,61.677898
2017/1/19,118.308083,809.039978,127.550003,802.174988,61.24535
2017/1/18,118.515503,807.47998,127.919998,806.070007,61.441967
2017/1/17,118.525383,809.719971,127.870003,804.609985,61.471455
2017/1/13,117.577179,817.140015,128.339996,807.880005,61.63858
2017/1/12,117.784599,813.640015,126.620003,806.359985,61.550102
2017/1/11,118.278458,799.02002,126.089996,807.909973,62.120285
2017/1/10,117.646317,795.900024,124.349998,804.789978,61.559933
2017/1/9,117.527794,796.919983,124.900002,806.650024,61.579594
2017/1/6,116.461075,795.98999,123.410004,806.150024,61.776207
2017/1/5,115.17704,780.450012,120.669998,794.02002,61.24535
2017/1/4,114.594292,757.179993,118.690002,786.900024,61.24535
2017/1/3,114.722694,753.669983,116.860001,786.140015,61.520611
2016/12/30,114.396751,749.869995,115.050003,771.820007,61.088055
2016/12/29,115.29557,765.150024,116.349998,782.789978,61.835197
2016/12/28,115.325203,772.130005,116.919998,785.049988,61.923668
2016/12/27,115.819054,771.400024,118.010002,791.549988,62.208755
2016/12/23,115.088142,760.590027,117.269997,789.909973,62.169441
2016/12/22,114.860977,766.340027,117.400002,791.26001,62.474186
2016/12/21,115.621513,770.599976,119.040001,794.559998,62.464359
2016/12/20,115.512863,771.219971,119.089996,796.419983,62.464359
2016/12/19,115.206673,766,119.239998,794.200012,62.543003
2016/12/16,114.544907,757.77002,119.870003,790.799988,61.24535
2016/12/15,114.396751,761,120.57,797.849976,61.520611
2016/12/14,113.77449,768.820007,120.209999,797.070007,61.618916
2016/12/13,113.77449,774.340027,120.309998,796.099976,61.913837
2016/12/12,111.907722,760.119995,117.769997,789.27002,61.11755
2016/12/9,112.549728,768.659973,119.68,789.289978,60.92094
2016/12/8,110.742218,767.330017,118.910004,776.419983,59.977184
2016/12/7,109.665604,770.419983,117.949997,771.190002,60.331097
2016/12/6,108.598877,764.719971,117.309998,759.109985,58.935135
2016/12/5,107.769203,759.359985,117.43,762.52002,59.200565
2016/12/2,108.5495,740.340027,115.400002,750.5,58.246979
2016/12/1,108.144531,743.650024,115.099998,747.919983,58.197826
2016/11/30,109.16188,750.570007,118.419998,758.039978,59.239883
2016/11/29,110.090332,762.52002,120.870003,770.840027,60.055836
2016/11/28,110.198975,766.77002,120.410004,768.23999,59.583958
2016/11/25,110.416275,780.369995,120.379997,761.679993,59.50531
2016/11/23,109.863159,780.119995,120.839996,760.98999,59.377514
2016/11/22,110.426147,785.330017,121.470001,768.27002,60.085323
2016/11/21,110.35701,780,121.769997,769.200012,59.829727
2016/11/18,108.707527,760.159973,117.019997,760.539978,59.328362
2016/11/17,108.598877,756.400024,117.790001,771.22998,59.613453
2016/11/16,108.638382,746.48999,116.339996,764.47998,58.640213
2016/11/15,105.793777,743.23999,117.199997,758.48999,57.873413
2016/11/14,104.41098,719.070007,115.080002,736.080017,56.752712
2016/11/11,107.097557,739.01001,119.019997,754.02002,57.631542
2016/11/10,106.465424,742.380005,120.800003,762.559998,57.319069
2016/11/9,109.517456,771.880005,123.18,785.309998,58.754486
2016/11/8,109.695236,787.75,124.220001,790.51001,59.047428
2016/11/7,109.053238,784.929993,122.150002,782.52002,58.998608
2016/11/4,107.502518,755.049988,120.75,762.02002,57.328835
2016/11/3,108.480354,767.030029,120,762.130005,57.81707
2016/11/2,109.655731,765.559998,127.169998,768.700012,58.031898
2016/11/1,109.557465,785.409973,129.5,783.609985,58.393192
2016/10/31,111.57193,789.820007,130.990005,784.539978,58.510365
2016/10/28,111.748817,776.320007,131.289993,795.369995,58.461548
2016/10/27,112.495644,818.359985,129.690002,795.349976,58.686134
2016/10/26,113.586395,822.590027,131.039993,799.070007,59.203667
2016/10/25,116.200294,835.179993,132.289993,807.669983,59.555199
2016/10/24,115.61068,838.090027,133.279999,813.109985,59.564964
2016/10/21,114.57888,818.98999,132.070007,799.369995,58.256485
2016/10/20,115.030914,810.320007,130,796.969971,55.903187
2016/10/19,115.089874,817.690002,130.110001,801.5,56.176594
2016/10/18,115.433815,817.650024,128.570007,795.26001,56.303535
2016/10/17,115.512428,812.950012,127.540001,779.960022,55.87389
2016/10/14,115.591034,822.960022,127.879997,778.530029,56.069183
2016/10/13,114.952301,829.280029,127.82,778.190002,55.58094
2016/10/12,115.306061,834.090027,129.050003,786.140015,55.766476
2016/10/11,114.284088,831,128.880005,783.070007,55.844593
2016/10/10,114.038429,841.710022,130.240005,785.940002,56.674595
2016/10/7,112.082916,839.429993,128.990005,775.080017,56.440243
2016/10/6,111.915863,841.659973,128.740005,776.859985,56.38166
2016/10/5,111.090431,844.359985,128.470001,776.469971,56.284008
2016/10/4,111.04129,834.030029,128.190002,776.429993,55.893414
2016/10/3,110.569603,836.73999,128.770004,772.559998,56.069183
2016/9/30,111.090431,837.309998,128.270004,777.289978,56.244946
2016/9/29,110.235504,829.049988,128.089996,775.01001,56.049652
2016/9/28,111.974823,828.719971,129.229996,781.559998,56.664833
2016/9/27,111.129723,816.109985,128.690002,783.01001,56.586712
2016/9/26,110.923363,799.159973,127.309998,774.210022,55.561417
2016/9/23,110.756317,805.75,127.959999,786.900024,56.078945
2016/9/22,112.633217,804.700012,130.080002,787.210022,56.45977
2016/9/21,111.581757,789.73999,129.940002,776.219971,56.401176
2016/9/20,111.60141,780.219971,128.639999,771.409973,55.473537
2016/9/19,111.611237,775.099976,128.649994,765.700012,55.59071
2016/9/16,112.928009,778.52002,129.070007,768.880005,55.903187
2016/9/15,113.566742,769.690002,128.350006,771.76001,55.844593
2016/9/14,109.832603,761.090027,127.769997,762.48999,54.93647
2016/9/13,106.078827,761.01001,127.209999,759.690002,55.200119
2016/9/12,103.612335,771.48999,128.690002,769.02002,55.707886
2016/9/9,101.342369,760.140015,127.099998,759.659973,54.887646
2016/9/8,103.690956,784.059998,130.270004,775.320007,56.078945
2016/9/7,106.48172,784.47998,131.050003,780.349976,56.303535
2016/9/6,105.833153,788.869995,129.729996,780.080017,56.254715
2016/9/2,105.862648,772.440002,126.510002,771.460022,56.313301
2016/9/1,104.879982,770.619995,126.169998,768.780029,56.23518
2016/8/31,104.260887,769.159973,126.120003,767.049988,56.108238
2016/8/30,104.162621,767.580017,125.839996,769.090027,56.528126
2016/8/29,104.968414,771.289978,126.540001,772.150024,56.733185
2016/8/26,105.086334,769,124.959999,769.539978,56.664833
2016/8/25,105.705414,759.219971,123.889999,769.409973,56.801537
2016/8/24,106.15744,757.25,123.480003,769.640015,56.586712
2016/8/23,106.963219,762.450012,124.370003,772.080017,56.528126
2016/8/22,106.62912,759.47998,124.150002,772.150024,56.313301
2016/8/19,107.464386,757.309998,123.559998,775.419983,56.264477
2016/8/18,107.189247,764.460022,123.910004,777.5,56.244946
2016/8/17,107.32682,764.630005,124.370003,779.909973,56.205887
2016/8/16,107.484032,764.039978,123.300003,777.140015,56.088711
2016/8/15,107.582306,768.48999,123.900002,782.440002,56.40118
2016/8/12,106.30484,772.559998,124.879997,783.219971,56.226505
2016/8/11,106.059174,771.23999,124.900002,784.849976,56.575859
2016/8/10,106.12796,768.559998,124.879997,784.679993,56.304142
2016/8/9,106.92392,768.309998,125.059998,784.26001,56.478825
2016/8/8,106.491547,766.559998,125.260002,781.76001,56.34296
2016/8/5,105.616966,765.97998,125.150002,782.219971,56.245914
2016/8/4,104.034889,760.77002,124.360001,771.609985,55.692776
2016/8/3,103.396149,754.640015,122.510002,773.179993,55.285198
2016/8/2,102.115791,760.580017,123.089996,771.070007,54.906734
2016/8/1,103.650261,767.73999,124.309998,772.880005,54.906734
2016/7/29,101.851898,758.809998,123.940002,768.789978,55.003773
2016/7/28,101.978951,752.609985,125,745.909973,54.547668
2016/7/27,100.620415,736.669983,123.339996,741.77002,54.528259
2016/7/26,94.482521,735.590027,121.220001,738.419983,55.081406
2016/7/25,95.137352,739.609985,121.629997,739.77002,55.052292
2016/7/22,96.42749,744.859985,121,742.73999,54.897022
2016/7/21,97.180069,744.429993,120.610001,738.630005,54.149796
2016/7/20,97.698074,745.719971,121.919998,741.190002,54.256546
2016/7/19,97.610107,739.950012,120.610001,736.960022,51.519943
2016/7/18,97.571014,736.070007,119.370003,733.780029,52.364212
2016/7/15,96.544777,735.440002,116.860001,719.849976,52.1119
2016/7/14,96.554558,741.200012,117.290001,720.950012,52.150719
2016/7/13,94.678001,742.630005,116.779999,716.97998,51.927517
2016/7/12,95.215546,748.210022,117.93,720.640015,51.636391
2016/7/11,94.7855,753.780029,117.870003,715.090027,51.034729
2016/7/8,94.492294,745.809998,117.239998,705.630005,50.753307
2016/7/7,93.769043,736.570007,115.849998,695.359985,49.860512
2016/7/6,93.368317,737.609985,116.699997,697.77002,49.860512
2016/7/5,92.840523,728.099976,114.199997,694.950012,49.656723
2016/7/1,93.720169,725.679993,114.190002,699.210022,49.647018
2016/6/30,93.436729,715.619995,114.279999,692.099976,49.656723
2016/6/29,92.263885,715.599976,114.160004,684.109985,49.045349
2016/6/28,91.472214,707.950012,112.699997,680.039978,47.977886
2016/6/27,89.957291,691.359985,108.970001,668.26001,46.997757
2016/6/24,91.286514,698.960022,112.080002,675.219971,48.35635
2016/6/23,93.925415,722.080017,115.080002,701.869995,50.374836
2016/6/22,93.387871,710.599976,113.910004,697.460022,49.482048
2016/6/21,93.739723,715.820007,114.379997,695.940002,49.676128
2016/6/20,92.948044,714.01001,113.370003,693.710022,48.589252
2016/6/17,93.172836,706.390015,113.019997,691.719971,48.64748
2016/6/16,95.342613,717.51001,114.389999,710.359985,48.899788
2016/6/15,94.941887,714.26001,114.599998,718.919983,48.22049
2016/6/14,95.254646,719.299988,114.940002,718.27002,48.35635
2016/6/13,95.137352,715.23999,113.949997,718.359985,48.657181
2016/6/10,96.593636,717.909973,116.620003,719.409973,49.957554
2016/6/9,97.395081,727.650024,118.559998,728.580017,50.09341
2016/6/8,96.701157,726.640015,118.389999,728.280029,50.500992
2016/6/7,96.789108,723.73999,117.760002,716.650024,50.559216
2016/6/6,96.398163,726.72998,118.790001,716.549988,50.588333
2016/6/3,95.704224,725.539978,118.470001,722.340027,50.258389
2016/6/2,95.508759,728.23999,118.93,730.400024,50.927979
2016/6/1,96.232025,719.440002,118.779999,734.150024,51.287037
2016/5/31,97.600334,722.789978,118.809998,735.719971,51.432602
2016/5/27,98.079239,712.23999,119.379997,732.659973,50.772713
2016/5/26,98.137901,714.909973,119.470001,724.119995,50.355423
2016/5/25,97.365761,708.349976,117.889999,725.27002,50.578625
2016/5/24,95.684692,704.200012,117.699997,720.090027,50.064304
2016/5/23,94.24794,696.75,115.970001,704.23999,48.550438
2016/5/20,93.065338,702.799988,117.349998,709.73999,49.122993
2016/5/19,92.068405,698.52002,116.809998,700.320007,48.83186
2016/5/18,92.420265,697.450012,117.650002,706.630005,49.307365
2016/5/17,91.374474,695.27002,117.349998,706.22998,49.016239
2016/5/16,91.755653,710.659973,118.669998,716.48999,49.947849
2016/5/13,88.47168,709.919983,119.809998,710.830017,49.22509
2016/5/12,88.295753,717.929993,120.279999,713.309998,49.639469
2016/5/11,90.416656,713.22998,119.519997,715.289978,49.196171
2016/5/10,91.306053,703.070007,120.5,723.179993,49.167263
2016/5/9,90.690315,679.75,119.239998,712.900024,48.251762
2016/5/6,90.621895,673.950012,119.489998,711.119995,48.560143
2016/5/5,91.130135,659.090027,117.809998,701.429993,48.12648
2016/5/4,91.501541,670.900024,118.059998,695.700012,48.059025
2016/5/3,92.46328,671.320007,117.43,692.359985,47.972294
2016/5/2,90.967239,683.849976,118.57,698.210022,48.772156
2016/4/29,91.064392,659.590027,117.580002,693.01001,48.059025
2016/4/28,92.123268,602,116.730003,691.02002,48.087933
2016/4/27,95.027931,606.570007,108.889999,705.840027,49.090164
2016/4/26,101.371529,616.880005,108.760002,708.140015,49.572006
2016/4/25,102.080704,626.200012,110.099998,723.150024,50.217686
2016/4/22,102.663574,620.5,110.559998,718.77002,49.899666
2016/4/21,102.945305,631,113.440002,759.140015,53.754406
2016/4/20,104.072182,632.98999,112.419998,752.669983,53.571312
2016/4/19,103.858475,627.900024,112.290001,753.929993,54.342258
2016/4/18,104.412193,635.349976,110.449997,766.609985,54.409718
2016/4/15,106.714546,625.890015,109.639999,759,53.629135
2016/4/14,108.900322,620.75,110.839996,753.200012,53.349663
2016/4/13,108.842041,614.820007,110.510002,751.719971,53.340027
2016/4/12,107.287712,603.169983,110.610001,743.090027,52.665443
2016/4/11,105.908234,595.929993,108.989998,736.099976,52.337795
2016/4/8,105.558517,594.599976,110.629997,739.150024,52.443787
2016/4/7,105.441956,591.429993,113.639999,740.280029,52.482342
2016/4/6,107.79287,602.080017,113.709999,745.690002,53.11837
2016/4/5,106.675682,586.140015,112.220001,737.799988,52.578712
2016/4/4,107.948303,593.190002,112.550003,745.289978,53.417118
2016/4/1,106.850548,598.5,116.059998,749.909973,53.552036
2016/3/31,105.879097,593.640015,114.099998,744.950012,53.224377
2016/3/30,106.432831,598.690002,114.699997,750.530029,53.050919
2016/3/29,104.606491,593.859985,116.139999,744.77002,52.723263
2016/3/28,102.187561,579.869995,113.690002,733.530029,51.595753
2016/3/24,102.653854,582.950012,113.050003,735.299988,52.241425
2016/3/23,103.100731,569.630005,112.540001,738.059998,52.010139
2016/3/22,103.673882,560.47998,112.25,740.75,52.106506
2016/3/21,102.887009,553.97998,111.849998,742.090027,51.904137
2016/3/18,102.896729,552.080017,111.449997,737.599976,51.547573
2016/3/17,102.780144,559.440002,111.019997,737.780029,52.675079
2016/3/16,102.945305,574.27002,112.18,736.090027,52.376339
2016/3/15,101.594978,577.02002,110.669998,728.330017,51.643936
2016/3/14,99.593773,573.369995,109.889999,730.48999,51.239185
2016/3/11,99.341187,569.609985,109.410004,726.820007,51.142818
2016/3/10,98.282295,558.929993,107.32,712.820007,50.159859
2016/3/9,98.233734,559.469971,107.510002,705.23999,50.921169
2016/3/8,98.146294,560.26001,105.93,693.969971,49.774391
2016/3/7,98.962318,562.799988,105.730003,695.159973,49.176895
2016/3/4,100.069786,575.140015,108.389999,710.890015,50.140583
2016/3/3,98.602882,577.48999,109.580002,712.419983,50.448967
2016/3/2,97.874298,580.210022,109.949997,718.849976,51.027176
2016/3/1,97.660561,579.039978,109.82,718.809998,50.670616
2016/2/29,93.930183,552.52002,106.919998,697.77002,49.032349
2016/2/26,94.143906,555.22998,107.919998,705.070007,49.437096
2016/2/25,93.998184,555.150024,108.07,705.75,50.208042
2016/2/24,93.357018,554.039978,106.879997,699.559998,49.494919
2016/2/23,91.987267,552.940002,105.459999,695.849976,49.321453
2016/2/22,94.114754,559.5,107.160004,706.460022,50.738071
2016/2/19,93.298737,534.900024,104.57,700.909973,49.938213
2016/2/18,93.512459,525,103.470001,697.349976,50.294781
2016/2/17,95.319359,534.099976,105.199997,708.400024,50.516418
2016/2/16,93.881607,521.099976,101.610001,691,49.234718
2016/2/12,91.307251,507.079987,102.010002,682.400024,48.319218
2016/2/11,91.025528,503.820007,101.910004,683.109985,47.544201
2016/2/10,91.579254,490.480011,101,684.119995,47.563332
2016/2/9,92.278694,482.070007,99.540001,678.109985,47.151901
2016/2/8,92.298134,488.100006,99.75,682.73999,47.276287
2016/2/5,91.336388,502.130005,104.07,683.570007,47.993904
2016/2/4,93.842743,536.26001,110.489998,708.01001,49.754448
2016/2/3,93.094734,531.070007,112.690002,726.950012,49.907536
2016/2/2,91.28791,552.099976,114.610001,764.650024,50.711258
2016/2/1,93.172028,574.809998,115.089996,752,52.347412
2016/1/29,94.05127,587,112.209999,742.950012,52.711006
2016/1/28,90.911087,635.349976,109.110001,730.960022,49.811855
2016/1/27,90.263725,583.349976,94.449997,699.98999,49.008129
2016/1/26,96.61174,601.25,97.339996,713.039978,49.917099
2016/1/25,96.080322,596.530029,97.010002,711.669983,49.553509
2016/1/22,97.993423,596.380005,97.940002,725.25,50.031921
2016/1/21,93.046417,575.02002,94.160004,706.590027,48.300083
2016/1/20,93.519867,571.77002,94.349998,698.450012,48.596699
2016/1/19,93.394257,574.47998,95.260002,701.789978,48.376629
2016/1/15,93.848373,570.179993,94.970001,694.450012,48.788059
2016/1/14,96.157608,593,98.370003,714.719971,50.816513
2016/1/13,94.099594,581.809998,95.440002,700.559998,49.409988
2016/1/12,96.582756,617.890015,99.370003,726.070007,50.500759
2016/1/11,95.201073,617.73999,97.510002,716.030029,50.041489
2016/1/8,93.68412,607.049988,97.330002,714.469971,50.070198
2016/1/7,93.191338,607.940002,97.919998,726.390015,49.917099
2016/1/6,97.29776,632.650024,102.970001,743.619995,51.715916
2016/1/5,99.239845,633.789978,102.730003,742.580017,52.672737
2016/1/4,101.790649,636.98999,102.220001,741.840027,52.433533
2015/12/31,101.703697,675.890015,104.660004,758.880005,53.084164
2015/12/30,103.694107,689.070007,106.220001,771,53.878323
2015/12/29,105.066116,693.969971,107.260002,776.599976,54.107956
2015/12/28,103.210999,675.200012,105.93,762.51001,53.533871
2015/12/24,104.380112,662.789978,105.019997,748.400024,53.265953
2015/12/23,104.940506,663.700012,104.629997,750.309998,53.409485
2015/12/22,103.607155,663.150024,105.510002,750,52.959778
2015/12/21,103.703766,664.51001,104.769997,747.77002,52.462234
2015/12/18,102.44767,664.140015,104.040001,739.309998,51.792465
2015/12/17,105.298019,670.650024,106.220001,749.429993,53.294666
2015/12/16,107.57827,675.77002,106.790001,758.090027,53.706093
2015/12/15,106.756989,658.640015,104.550003,743.400024,52.816257
2015/12/14,108.679771,657.909973,104.660004,747.77002,52.758842
2015/12/11,109.356125,640.150024,102.120003,738.869995,51.725483
2015/12/10,112.245087,662.320007,105.419998,749.460022,52.883236
2015/12/9,111.713676,664.789978,104.599998,751.609985,52.605755
2015/12/8,114.235489,677.330017,106.489998,762.369995,53.380775
2015/12/7,114.283798,669.830017,105.610001,763.25,53.399914
2015/12/4,115.008461,672.640015,106.18,766.809998,53.495594
2015/12/3,111.307861,666.25,104.379997,752.539978,51.85944
2015/12/2,112.351372,676.01001,106.07,762.380005,52.825821
2015/12/1,113.375557,679.059998,107.120003,767.039978,52.835396
2015/11/30,114.303123,664.799988,104.239998,742.599976,52.00296
2015/11/27,113.829681,673.26001,105.449997,750.26001,51.601093
2015/11/25,114.042252,675.340027,105.410004,748.150024,51.37146
2015/11/24,114.863525,671.150024,105.739998,748.280029,51.907284
2015/11/23,113.771706,678.98999,106.949997,755.97998,51.849869
2015/11/20,115.269348,668.450012,107.32,756.599976,51.849869
2015/11/19,114.766914,661.27002,106.260002,738.409973,51.610664
2015/11/18,113.327248,663.539978,107.769997,740,51.524551
2015/11/17,109.848885,643.299988,105.129997,725.299988,50.682556
2015/11/16,110.322327,647.809998,104.040001,728.960022,51.103554
2015/11/13,108.544479,642.349976,103.949997,717,50.219673
2015/11/12,111.810295,665.599976,108.019997,731.22998,50.675869
2015/11/11,112.187119,673.25,109.010002,735.400024,50.989502
2015/11/10,112.824814,659.679993,107.910004,728.320007,50.856441
2015/11/9,116.496429,655.48999,106.489998,724.890015,51.474209
2015/11/6,116.969872,659.369995,107.099998,733.76001,52.196522
2015/11/5,116.834602,655.650024,108.760002,731.25,51.683304
2015/11/4,117.375694,640.950012,103.940002,728.109985,51.702312
2015/11/3,117.924095,625.309998,102.580002,722.159973,51.46471
2015/11/2,116.586769,628.349976,103.309998,721.109985,50.599834
2015/10/30,114.970459,625.900024,101.970001,710.809998,50.029591
2015/10/29,115.961411,626.549988,104.879997,716.919983,50.71389
2015/10/28,114.749161,617.099976,104.199997,712.950012,51.303135
2015/10/27,110.208076,611.01001,103.699997,708.48999,51.027523
2015/10/26,110.910416,608.609985,103.769997,712.780029,51.55975
2015/10/23,114.566376,599.030029,102.190002,702,50.248184
2015/10/22,111.122078,563.909973,99.669998,651.789978,45.648201
2015/10/21,109.448021,555.77002,97.110001,642.609985,44.85936
2015/10/20,109.457634,560.880005,97,650.280029,45.401089
2015/10/19,107.494957,573.150024,98.470001,666.099976,45.25853
2015/10/16,106.831116,570.76001,97.540001,662.200012,45.153984
2015/10/15,107.620049,562.440002,95.959999,661.73999,44.67878
2015/10/14,106.032578,544.830017,94.07,651.159973,44.365143
2015/10/13,107.552696,548.900024,94.120003,652.299988,44.564732
2015/10/12,107.369888,550.190002,94.260002,646.669983,44.669281
2015/10/9,107.870178,539.799988,93.239998,643.609985,44.773827
2015/10/8,105.349495,533.159973,92.470001,639.159973,45.096962
2015/10/7,106.580978,541.940002,92.400002,642.359985,44.479198
2015/10/6,107.090881,537.47998,92.800003,645.440002,44.431675
2015/10/5,106.580978,543.679993,94.010002,641.469971,44.317627
2015/10/2,106.196136,532.539978,92.07,626.909973,43.310192
2015/10/1,105.42646,520.719971,90.949997,611.289978,42.397797
2015/9/30,106.119179,511.890015,89.900002,608.419983,42.065155
2015/9/29,104.926178,496.070007,86.669998,594.969971,41.285816
2015/9/28,108.178062,504.059998,89.209999,594.890015,41.143253
2015/9/25,110.362015,524.25,92.769997,611.969971,41.761021
2015/9/24,110.641022,533.75,94.410004,625.799988,41.73251
2015/9/23,109.986801,536.070007,93.970001,622.359985,41.694489
2015/9/22,109.101662,538.400024,92.959999,622.690002,41.723003
2015/9/21,110.843056,548.390015,95.550003,635.440002,41.922592
2015/9/18,109.149773,540.26001,94.400002,629.25,41.32383
2015/9/17,109.601952,538.869995,94.339996,642.900024,42.055649
2015/9/16,111.997581,527.390015,93.449997,635.97998,42.103172
2015/9/15,111.872498,522.369995,92.900002,635.140015,41.799038
2015/9/14,110.939262,521.380005,92.309998,623.23999,40.905655
2015/9/11,109.880959,529.440002,92.050003,625.77002,41.32383
2015/9/10,108.303116,522.23999,91.980003,621.349976,41.143253
2015/9/9,105.974854,516.890015,90.440002,612.719971,40.934166
2015/9/8,108.052979,517.539978,89.529999,614.659973,41.713501
2015/9/4,105.128212,499,88.260002,600.700012,40.496979
2015/9/3,106.186516,504.720001,88.150002,606.25,41.342838
2015/9/2,108.081833,510.549988,89.889999,614.340027,41.209785
2015/9/1,103.636963,496.540009,87.230003,597.789978,39.746147
2015/8/31,108.485931,512.890015,89.43,618.25,41.361858
2015/8/28,108.995834,518.01001,91.010002,630.380005,41.751518
2015/8/27,108.639862,518.369995,89.730003,637.609985,41.723003
2015/8/26,105.532295,500.769989,87.190002,628.619995,40.592014
2015/8/25,99.807816,466.369995,83,582.059998,38.463104
2015/8/24,99.211334,463.369995,82.089996,589.609985,39.613098
2015/8/21,101.751259,494.470001,86.059998,612.47998,40.934166
2015/8/20,108.380096,515.780029,90.559998,646.830017,43.395733
2015/8/19,110.650642,532.919983,95.309998,660.900024,44.298618
2015/8/18,112.084152,535.02002,95.169998,656.130005,44.925888
2015/8/17,112.719162,535.219971,93.93,660.869995,44.67878
2015/8/14,111.564629,531.52002,94.419998,657.119995,44.37664
2015/8/13,110.785339,529.659973,93.43,656.450012,44.121716
2015/8/12,110.871918,525.909973,94.190002,659.559998,44.131153
2015/8/11,109.188248,527.460022,93.620003,660.780029,43.819569
2015/8/10,115.182114,524,94.150002,633.72998,44.688225
2015/8/7,111.141319,522.619995,94.300003,635.299988,44.131153
2015/8/6,110.76609,529.460022,95.120003,642.679993,44.017853
2015/8/5,110.525574,537.01001,96.440002,643.780029,44.924271
2015/8/4,109.797668,531.900024,94.059998,629.25,44.886497
2015/8/3,113.437157,535.030029,94.139999,631.210022,44.19725
2015/7/31,116.176353,536.150024,94.010002,625.609985,44.093388
2015/7/30,117.201164,536.76001,95.209999,632.590027,44.26334
2015/7/29,117.794968,529,96.989998,631.929993,43.706272
2015/7/28,118.168503,526.030029,95.290001,628,42.809303
2015/7/27,117.584259,531.409973,94.169998,627.26001,42.818733
2015/7/24,119.241196,529.419983,96.949997,623.559998,43.375801
2015/7/23,119.873306,482.179993,95.440002,644.280029,43.53632
2015/7/22,119.930779,488.269989,97.040001,662.099976,42.998135
2015/7/21,125.227188,488,98.389999,662.299988,44.641014
2015/7/20,126.491463,488.100006,97.910004,663.02002,44.301109
2015/7/17,124.14492,483.01001,94.970001,672.929993,44.017853
2015/7/16,123.081818,475.480011,90.849998,579.849976,44.055618
2015/7/15,121.463196,461.190002,89.760002,560.219971,43.205849
2015/7/14,120.304298,465.570007,89.68,561.099976,43.073662
2015/7/13,120.352196,455.570007,90.099998,546.549988,42.998135
2015/7/10,118.072723,443.51001,87.949997,530.130005,42.120037
2015/7/9,114.998314,434.390015,85.879997,520.679993,42.035069
2015/7/8,117.392715,429.700012,85.650002,516.830017,41.770699
2015/7/7,120.380928,436.720001,87.220001,525.02002,41.827347
2015/7/6,120.677834,436.040009,87.550003,522.859985,41.912315
2015/7/2,121.099236,437.709991,87.290001,523.400024,41.921768
2015/7/1,121.252487,437.390015,86.910004,521.840027,41.968971
2015/6/30,120.131905,434.089996,85.769997,520.51001,41.685722
2015/6/29,119.269913,429.859985,85.800003,521.52002,41.893436
2015/6/26,121.396149,438.100006,88.010002,531.690002,42.733753
2015/6/25,122.114471,440.100006,87.980003,535.22998,43.101997
2015/6/24,122.698708,440.839996,88.860001,537.840027,43.092552
2015/6/23,121.664322,445.98999,87.879997,540.47998,43.347481
2015/6/22,122.219826,436.290009,84.739998,538.190002,43.64962
2015/6/19,121.252487,434.920013,82.510002,536.690002,43.526875
2015/6/18,122.478409,439.390015,82.910004,536.72998,44.112274
2015/6/17,121.92292,427.809998,81.790001,529.26001,43.404137
2015/6/16,122.210251,427.26001,81.059998,528.150024,43.271946
2015/6/15,121.558975,423.670013,80.709999,527.200012,42.941483
2015/6/12,121.798416,429.920013,81.529999,532.330017,43.404137
2015/6/11,123.158417,432.970001,81.830002,534.609985,43.847897
2015/6/10,123.436188,430.769989,82.160004,536.690002,44.008411
2015/6/9,122.037849,425.480011,80.669998,526.690002,43.101997
2015/6/8,122.401802,423.5,80.669998,526.830017,43.177528
2015/6/5,123.215904,426.950012,82.139999,533.330017,43.564648
2015/6/4,123.895912,430.779999,82.050003,536.700012,43.772362
2015/6/3,124.623802,436.589996,82.440002,540.309998,44.235012
2015/6/2,124.470581,430.98999,80.440002,539.179993,44.301109
2015/6/1,125.026062,430.920013,80.290001,533.98999,44.593803
2015/5/29,124.777046,429.230011,79.190002,532.109985,44.244453
2015/5/28,126.213676,426.570007,80.150002,539.780029,44.801529
2015/5/27,126.462708,431.420013,80.550003,539.789978,44.952595
2015/5/26,124.14492,425.470001,79.330002,532.320007,43.989521
2015/5/22,126.941574,427.630005,80.540001,540.109985,44.282227
2015/5/21,125.840164,431.630005,80.480003,542.51001,44.773201
2015/5/20,124.566338,423.859985,80.550003,539.27002,44.924271
2015/5/19,124.575912,421.709991,80.629997,537.359985,44.924271
2015/5/18,124.690865,425.23999,80.879997,532.299988,45.037567
2015/5/15,123.330833,426,80.419998,533.849976,45.309616
2015/5/14,123.503227,432.279999,81.370003,538.400024,45.703613
2015/5/13,120.687416,426.869995,78.440002,529.619995,44.681099
2015/5/12,120.553329,431.019989,77.459999,529.039978,44.418427
2015/5/11,120.984306,432.850006,78.010002,535.700012,44.437195
2015/5/8,122.229424,433.690002,78.510002,538.219971,44.793667
2015/5/7,119.969086,426.880005,78.43,530.700012,43.808681
2015/5/6,119.231606,419.100006,78.099998,524.219971,43.414684
2015/5/5,119.985092,421.190002,77.559998,530.799988,44.652954
2015/5/4,122.751053,423.040009,78.809998,540.780029,45.253326
2015/5/1,122.989487,422.869995,78.989998,537.900024,45.647331
2015/4/30,119.365135,421.779999,78.769997,537.340027,45.628563
2015/4/29,122.693825,429.369995,80.470001,549.080017,46.022568
2015/4/28,124.525078,429.309998,80.68,553.679993,46.116375
2015/4/27,126.518456,438.559998,81.910004,555.369995,45.056332
2015/4/24,124.257996,445.100006,81.529999,561.967468,44.906242
2015/4/23,123.676208,389.98999,82.410004,544.006287,40.656704
2015/4/22,122.674751,389.799988,84.629997,536.413086,40.328373
2015/4/21,121.0438,391.179993,83.620003,531.049988,40.000038
2015/4/20,121.701889,389.51001,83.089996,532.44989,40.253326
2015/4/17,118.983627,375.559998,80.779999,521.181885,39.043194
2015/4/16,120.33799,386.040009,82.309998,530.87854,39.549763
2015/4/15,120.919792,383.450012,82.709999,529.617859,39.643566
2015/4/14,120.46199,385.109985,83.519997,527.487183,39.071331
2015/4/13,120.986565,382.359985,83.010002,536.219177,39.174526
2015/4/10,121.225006,382.649994,82.040001,537.054565,39.137005
2015/4/9,120.709961,383.540009,82.169998,537.820374,38.911869
2015/4/8,119.794342,381.200012,82.279999,538.645813,38.855576
2015/4/7,120.185402,374.410004,82.32,534.080933,38.958767
2015/4/6,121.46344,377.040009,82.440002,533.827332,38.977528
2015/4/2,119.527283,372.25,81.559998,532.59906,37.795536
2015/4/1,118.506744,370.26001,81.669998,539.590576,38.198917
2015/3/31,118.678413,372.100006,82.220001,545.000854,38.142635
2015/3/30,120.528755,374.589996,83.199997,549.008789,38.424053
2015/3/27,117.552971,370.559998,83.300003,545.338989,38.433437
2015/3/26,118.497215,367.350006,83.010002,552.131592,38.658577
2015/3/25,117.676964,370.959991,82.919998,555.726807,38.893097
2015/3/24,120.833961,374.089996,85.309998,567.069397,40.24395
2015/3/23,121.329918,375.109985,84.43,555.751648,40.206421
2015/3/20,120.080482,378.48999,83.800003,557.293213,40.225189
2015/3/19,121.606522,373.23999,82.75,554.936157,39.671715
2015/3/18,122.531677,375.140015,80.910004,556.437866,39.86871
2015/3/17,121.16777,371.920013,79.360001,547.825317,39.11824
2015/3/16,119.174377,373.350006,78.07,551.47522,38.986904
2015/3/13,117.877243,370.579987,78.050003,544.324585,38.81805
2015/3/12,118.697479,374.23999,78.93,552.469727,38.480343
2015/3/11,116.589638,366.369995,77.57,548.163452,39.380898
2015/3/10,118.754723,369.51001,77.550003,551.972473,39.427807
2015/3/9,121.263153,378.559998,79.440002,565.736694,40.197037
2015/3/6,120.748108,380.089996,80.010002,564.578125,39.737381
2015/3/5,120.56691,387.829987,81.209999,572.181274,40.440945
2015/3/4,122.598434,382.720001,80.900002,570.231995,40.394043
2015/3/3,123.380539,384.609985,79.599998,570.500488,40.600418
2015/3/2,123.123016,385.660004,79.75,568.213074,41.163273
2015/2/27,122.522156,380.160004,78.970001,555.343933,41.135124
2015/2/26,124.391541,384.799988,80.410004,552.43988,41.33213
2015/2/25,122.836899,385.369995,79.559998,540.893433,41.266464
2015/2/24,126.060654,378.589996,78.449997,533.156006,41.360271
2015/2/23,126.85228,380.140015,78.839996,528.998901,41.416557
2015/2/20,123.514084,383.660004,79.900002,536.000366,41.144508
2015/2/19,122.512596,379,79.419998,539.901306,40.806797
2015/2/18,122.770134,373.369995,76.709999,536.746277,40.834942
2015/2/17,121.921249,375.429993,75.599998,539.86908,40.881844
2015/2/13,121.205933,381.829987,75.739998,546.00531,40.863087
2015/2/12,120.614594,377.170013,76.230003,539.958557,40.136551
2015/2/11,119.107613,375.140015,76.510002,533.036682,39.475208
2015/2/10,116.379814,373,75.190002,534.001343,39.680126
2015/2/9,114.186127,370.559998,74.440002,524.941223,39.456585
2015/2/6,113.43264,374.279999,74.470001,528.093872,39.503155
2015/2/5,114.395966,373.890015,75.610001,524.692566,39.540409
2015/2/4,113.585258,364.75,75.629997,519.898987,38.972233
2015/2/3,112.720718,363.549988,75.400002,526.343506,38.748669
2015/2/2,112.701721,364.470001,74.989998,525.587646,38.450603
2015/1/30,111.305183,354.529999,75.910004,531.594604,37.63092
2015/1/29,112.958244,311.779999,78,507.865204,39.130566
2015/1/28,109.547638,303.910004,76.239998,507.208801,38.366768
2015/1/27,103.685966,306.75,75.779999,515.791565,39.736023
2015/1/26,107.448074,309.660004,77.5,532.280823,43.787861
2015/1/23,107.334084,312.390015,77.830002,536.994873,43.946213
2015/1/22,106.783058,310.320007,77.650002,531.465332,43.899639
2015/1/21,104.075485,297.25,76.739998,515.204773,42.772564
2015/1/20,103.286957,289.440002,76.239998,504.125763,43.210358
2015/1/16,100.693382,290.73999,75.18,505.299316,43.070637
2015/1/15,101.481903,286.950012,74.050003,499.043732,42.362728
2015/1/14,104.312988,293.269989,76.279999,498.128784,42.80983
2015/1/13,104.711998,294.73999,76.449997,493.464447,43.182419
2015/1/12,103.790474,291.410004,76.720001,489.854309,43.40596
2015/1/9,106.412552,296.929993,77.739998,493.454498,43.955528
2015/1/8,106.298531,300.459991,78.18,499.928864,44.328106
2015/1/7,102.36544,298.420013,76.150002,498.357513,43.061325
2015/1/6,100.94989,295.290009,76.150002,499.212799,42.521076
2015/1/5,100.940392,302.190002,77.190002,511.057617,43.154472
2015/1/2,103.86647,308.519989,78.449997,521.937744,43.555
2014/12/31,104.863991,310.350006,78.019997,523.521423,43.266247
